componente,variancia_explicada,variancia_acumulada
PC1,0.47499132256281484,0.47499132256281484
PC2,0.16289368694160583,0.6378850095044206
