componente,variancia_explicada,variancia_acumulada
PC1,0.40542995625541556,0.40542995625541556
PC2,0.16915091150437628,0.5745808677597919
