,PC1,PC2
preco_medio_gasolina_c,-0.007182137760446923,0.4058457204677107
volume_gasolina_c_m3,0.43764447887761637,-0.2194317014277074
volume_etanol_hidratado_m3,0.4709123331550594,-0.1508815221151219
variacao_preco_gasolina_c,0.030020757045555794,0.6229855353405714
variacao_volume_gasolina_c,-0.005500628288896057,-0.5108071005477262
participacao_etanol,0.4849311816316192,0.07624285796895826
razao_etanol_gasolina,0.49954519260554736,0.01282357415806693
preco_relativo_etanol_gasolina,-0.3178398155493984,-0.3306984384780118
